{"cameraMode":{"drawMode":0,"name":"Shaded","section":"Shading Mode"},"sceneLighting":true,"audioPlay":false,"sceneViewState":{"showFog":true,"showMaterialUpdate":false,"showSkybox":true,"showFlares":true,"showImageEffects":true,"showParticleSystems":true,"showVisualEffectGraphs":true,"m_FxEnabled":true},"in2DMode":false,"pivot":{"x":26.77960968017578,"y":2.9886879920959474,"z":0.2452278733253479},"rotation":{"x":0.1814182549715042,"y":-0.11965327709913254,"z":0.02224511094391346,"w":0.9758507609367371},"size":1.4798648357391358,"orthographic":false}