{"cameraMode":{"drawMode":0,"name":"Shaded","section":"Shading Mode"},"sceneLighting":true,"audioPlay":false,"sceneViewState":{"m_AlwaysRefresh":false,"showFog":true,"showSkybox":true,"showFlares":true,"showImageEffects":true,"showParticleSystems":true,"showVisualEffectGraphs":true,"m_FxEnabled":true},"in2DMode":false,"pivot":{"x":13.96242904663086,"y":-0.09230463951826096,"z":3.7944183349609377},"rotation":{"x":0.24165542423725129,"y":0.6410547494888306,"z":-0.22335688769817353,"w":0.6933988332748413},"size":5.911985874176025,"orthographic":false}