{"cameraMode":{"drawMode":0,"name":"Shaded","section":"Shading Mode"},"sceneLighting":false,"audioPlay":false,"sceneViewState":{"showFog":true,"showMaterialUpdate":false,"showSkybox":false,"showFlares":true,"showImageEffects":true,"showParticleSystems":true,"showVisualEffectGraphs":true,"m_FxEnabled":true},"in2DMode":false,"pivot":{"x":28.997310638427736,"y":0.3002331852912903,"z":3.402169704437256},"rotation":{"x":0.08325562626123429,"y":-0.9151871204376221,"z":0.2497558295726776,"w":0.30522605776786806},"size":0.23215751349925996,"orthographic":false}