{"cameraMode":{"drawMode":0,"name":"Shaded","section":"Shading Mode"},"sceneLighting":false,"audioPlay":false,"sceneViewState":{"m_AlwaysRefresh":false,"showFog":true,"showSkybox":false,"showFlares":true,"showImageEffects":true,"showParticleSystems":true,"showVisualEffectGraphs":true,"m_FxEnabled":true},"in2DMode":false,"pivot":{"x":-3.638389825820923,"y":0.4157852828502655,"z":-31.440898895263673},"rotation":{"x":0.0007944084936752915,"y":0.9990652203559876,"z":0.02067382261157036,"w":-0.038365162909030917},"size":0.7329278588294983,"orthographic":false}