{"cameraMode":{"drawMode":0,"name":"Shaded","section":"Shading Mode"},"sceneLighting":true,"audioPlay":false,"sceneViewState":{"m_AlwaysRefresh":false,"showFog":true,"showSkybox":false,"showFlares":true,"showImageEffects":true,"showParticleSystems":true,"showVisualEffectGraphs":true,"m_FxEnabled":true},"in2DMode":false,"pivot":{"x":0.20885491371154786,"y":0.7322352528572083,"z":-0.022828340530395509},"rotation":{"x":0.3343685269355774,"y":-0.4134838581085205,"z":0.1665058583021164,"w":0.8303766250610352},"size":1.2534515857696534,"orthographic":false}