{"cameraMode":{"drawMode":0,"name":"Shaded","section":"Shading Mode"},"sceneLighting":true,"audioPlay":false,"sceneViewState":{"showFog":true,"showMaterialUpdate":false,"showSkybox":true,"showFlares":true,"showImageEffects":true,"showParticleSystems":true,"showVisualEffectGraphs":true,"m_FxEnabled":true},"in2DMode":false,"pivot":{"x":30.124874114990236,"y":-13.608888626098633,"z":43.55220413208008},"rotation":{"x":0.16942234337329865,"y":-0.0425645150244236,"z":0.007371450308710337,"w":0.9846220016479492},"size":26.649925231933595,"orthographic":false}