{"cameraMode":{"drawMode":0,"name":"Shaded","section":"Shading Mode"},"sceneLighting":true,"audioPlay":false,"sceneViewState":{"showFog":true,"showMaterialUpdate":false,"showSkybox":true,"showFlares":true,"showImageEffects":true,"showParticleSystems":true,"showVisualEffectGraphs":true,"m_FxEnabled":true},"in2DMode":false,"pivot":{"x":29.317707061767579,"y":3.630208730697632,"z":11.302192687988282},"rotation":{"x":0.059430405497550967,"y":-0.21480238437652589,"z":0.01313752494752407,"w":0.9747825264930725},"size":10.61013412475586,"orthographic":false}