{"cameraMode":{"drawMode":0,"name":"Shaded","section":"Shading Mode"},"sceneLighting":true,"audioPlay":false,"sceneViewState":{"showFog":true,"showMaterialUpdate":false,"showSkybox":true,"showFlares":true,"showImageEffects":true,"showParticleSystems":true,"showVisualEffectGraphs":true,"m_FxEnabled":true},"in2DMode":false,"pivot":{"x":58.72513961791992,"y":-44.112945556640628,"z":-73.29987335205078},"rotation":{"x":0.39993739128112795,"y":-0.11444205790758133,"z":0.050449516624212268,"w":0.9079883694648743},"size":204.11778259277345,"orthographic":false}