{"cameraMode":{"drawMode":0,"name":"Shaded","section":"Shading Mode"},"sceneLighting":true,"audioPlay":false,"sceneViewState":{"m_AlwaysRefresh":false,"showFog":true,"showSkybox":true,"showFlares":true,"showImageEffects":true,"showParticleSystems":true,"showVisualEffectGraphs":true,"m_FxEnabled":true},"in2DMode":false,"pivot":{"x":-50.097312927246097,"y":14.942752838134766,"z":-3.9197616577148439},"rotation":{"x":-0.0005976472748443484,"y":0.989811897277832,"z":-0.14232344925403596,"w":-0.004156375303864479},"size":49.90336227416992,"orthographic":false}